[{
    "id": "1",
    "jobName": "铆焊师傅",
    "location": "西安",
    "jobType": "技工",
    "paveView": "10",
    "salary": "200",
    "salaryUnit": "元/每天"
}, {
    "id": "2",
    "jobName": "汽修钣金油漆工",
    "location": "西安",
    "jobType": "技工",
    "paveView": "10",
    "salary": "200",
    "salaryUnit": "元/每天"
}, {
    "id": "3",
    "jobName": "铆焊师傅",
    "location": "西安",
    "jobType": "技工",
    "paveView": "10",
    "salary": "200",
    "salaryUnit": "元/每天"
}]