{
    "jobs": [{
        "id": "1",
        "jobName": "铆焊师傅",
        "location": "西安",
        "jobType": "技工",
        "paveView": "10",
        "salary": "200",
        "salaryUnit": "元/小时",
        "company":"陕西省比盛建筑工程有限公司",
        "publishDate":"2016-11-24"
    }, {
        "id": "2",
        "jobName": "汽修钣金油漆工",
        "location": "西安",
        "jobType": "技工",
        "paveView": "10",
        "salary": "200",
        "salaryUnit": "元/天",
        "company":"陕西省比盛建筑工程有限公司",
        "publishDate":"2016-10-12",
        "amount":"5人",
        "workTime":"星期一、星期二、星期三、星期四、星期五、星期六",
        "address":"西安市未央区三桥镇高堡子村"
    }, {
        "id": "3",
        "jobName": "电梯维修工",
        "location": "西安",
        "jobType": "技工",
        "paveView": "10",
        "salary": "200",
        "salaryUnit": "元/小时",
        "company":"陕西省比盛建筑工程有限公司",
        "publishDate":"2016-11-24"
    }]
}