{
    "workers": [{
        "id": "1",
        "workerName": "苏先生",
        "location": "高新区",
        "sex": "男",
        "age":"30",
        "degree":"大专",
        "recent":"无",
        "updateAt":"10分钟前"
    },
   {
        "id": "2",
        "workerName": "高先生",
        "location": "高陵县",
        "sex": "男",
        "age":"30",
        "degree":"大专",
        "recent":"无",
        "updateAt":"10分钟前"
    },
    {
        "id": "3",
        "workerName": "程女士",
        "location": "未央区",
        "sex": "女",
        "age":"25",
        "degree":"中专",
        "recent":"无",
        "updateAt":"10分钟前"
    },
    {
        "id": "4",
        "workerName": "程女士",
        "location": "未央区",
        "sex": "女",
        "age":"25",
        "degree":"中专",
        "recent":"无",
        "updateAt":"10分钟前"
    },
    {
        "id": "5",
        "workerName": "程女士",
        "location": "未央区",
        "sex": "女",
        "age":"25",
        "degree":"中专",
        "recent":"无",
        "updateAt":"10分钟前"
    }]
}